{"accuracy": 0.8464349993077669, "recall": 0.9659438322076075, "precision": 0.8555415617128463, "f1": 0.907396894306228}