{"accuracy": 0.8462965526789422, "recall": 0.9658371845005332, "precision": 0.8554740388551276, "f1": 0.9073118602748419}