{"accuracy": 0.8472656790807144, "recall": 0.965979381443299, "precision": 0.8563279969746628, "f1": 0.9078547325515353}