{"accuracy": 0.849730029073792, "recall": 0.9460718094560967, "precision": 0.8718998787799365, "f1": 0.9074727635415069}