{"accuracy": 0.8469057178457704, "recall": 0.9647707074297902, "precision": 0.8567414843577359, "f1": 0.9075526276188406}